t,qx,qy,qz,qw
0.0,0.15187598076543538,0.19017434322948293,-0.08789537006667995,0.9659408934115035
0.02,0.15455442465275357,0.19625606106074078,-0.08448732626860071,0.9646027057898823
0.036,0.1567430964846634,0.20083505516611225,-0.0817445212421708,0.963542793843487
0.06,0.1600916426640535,0.20722296542984797,-0.07762522286769667,0.9619790191695063
0.08,0.1629316378925938,0.21211312699938348,-0.0741884050140098,0.9607067103386222
0.1,0.16580197215831788,0.2166195403307601,-0.07074256970764883,0.9594692124328228
0.124,0.16927603881899228,0.22156832950075506,-0.06659973385741305,0.958027960705802
0.144,0.17219157727891948,0.22540124073709045,-0.06315328591950883,0.9568469072249473
0.16,0.17453342356901025,0.2282963084731482,-0.06040164016092876,0.9559134487288498
0.18,0.177466156424641,0.23169444184162008,-0.056967539896707206,0.9547660175884363
0.196,0.17981205213662865,0.2342327755613367,-0.05422460055346978,0.9538670376179604
0.216,0.18273644571181213,0.23717505707661488,-0.05079915399371286,0.9527721814068889
0.232,0.18506700204427887,0.23934700975215234,-0.04806874231690631,0.9519204849613843
0.252,0.18796257096414323,0.24184608806694938,-0.0446600764353972,0.9508869644579461
0.276,0.19140288841557737,0.24454107631339161,-0.04057194125788385,0.949693905363317
0.3,0.1947940036000237,0.24691312529756088,-0.036482321236068316,0.9485558733962346
0.316,0.19702014757092554,0.24832085865992537,-0.03375381418149215,0.947829358394078
0.336,0.19975726092396368,0.2498914386821669,-0.030338259772011652,0.9469587612855791
0.36,0.20297475565756068,0.25151106701575277,-0.026245194547218534,0.9459675583747732
0.376,0.20507823404157652,0.25244406338516767,-0.02352034652684673,0.9453368214997399
0.4,0.20816139745498208,0.253631580520794,-0.019424833872021947,0.9444376791515454
0.42,0.2106683784927102,0.2544565849900553,-0.016005538409972656,0.9437237431572112
0.448,0.21410400273898544,0.255526028871053,-0.011197706580018084,0.9427303622711438
0.472,0.21696050231472613,0.2564067533806598,-0.006954545542621815,0.9418786288861357
0.492,0.2192964170935438,0.25708482324106985,-0.003435507513439462,0.9411719674943403
0.508,0.2211332089288378,0.2575780914670346,-0.0006224546738977585,0.9406132272380683
0.524,0.22294347302812295,0.2580212571474794,0.0021879229844228854,0.9400619403460643
0.548,0.22561261135438115,0.2585842918019632,0.0063904150606171346,0.9392509122840857
0.568,0.22779922809464279,0.258956130167264,0.009875324191615348,0.9385902792488268
0.584,0.22953027277920116,0.25917916677646025,0.012636105986312311,0.938073740285095
0.6,0.23125707315343888,0.25932185749298314,0.015325278887992462,0.9375699846784236
0.616,0.23297633733074868,0.2593960047780249,0.01798010022297989,0.937076547004096
0.632,0.23468224778574284,0.25940329330759243,0.02062627954449231,0.936594218745535
0.648,0.2363778109371657,0.2593445059534176,0.023263336447320867,0.9361222008400774
0.668,0.23849552444591243,0.2591723913118341,0.02650180537925661,0.935546477045697
0.692,0.24102649513720853,0.2588329976915584,0.030367647978223715,0.93487406312516
0.712,0.2431242176402368,0.2584393497274532,0.033592740999389824,0.9343293022598734
0.732,0.24522302556119227,0.2579358381995692,0.03680542208803687,0.9337987641948463
0.752,0.2473306979245506,0.25732497160833634,0.04000137203690074,0.9332798482160048
0.772,0.24943686510995774,0.2566233254012315,0.04320697968161076,0.9327694656724798
0.792,0.25154671384431904,0.25584185817282895,0.04642199813808067,0.9322629416906297
0.812,0.2536849651106405,0.2550437899532089,0.049639733445012685,0.9317362827252273
0.836,0.2563091784582431,0.2541162338258023,0.05349502158084948,0.9310579076568306
0.856,0.258539261590421,0.2533544076571023,0.056706950444594985,0.9304586590001046
0.88,0.26124804013355996,0.2524476013332953,0.060620604966640054,0.929701464106042
0.896,0.26307993805849944,0.25182033373669066,0.06322979072519579,0.9291810691532226
0.912,0.2649336499689264,0.251167086317777,0.06583203346479896,0.928650310523111
0.932,0.2672817244291965,0.2503073154539105,0.06907333018533367,0.9279739234878961
0.948,0.2691825830126182,0.24958157253623856,0.07167296288338582,0.9274226447766467
0.972,0.2720776373224687,0.24840384604887178,0.07554279775190453,0.9265865174094464
0.996,0.27504270645422335,0.24710299446784914,0.07931593720994574,0.9257432699489995
1.016,0.27755194610032946,0.24592836732310527,0.08245309597062955,0.9250327790551911
1.036,0.2800964232663342,0.24465902212471652,0.08557498539374636,0.9243186022369365
1.052,0.2821579583805951,0.24356498268061963,0.08804781002949405,0.9237481090012006
1.072,0.28476289744177685,0.24209176846282537,0.09111589771818177,0.9230382229713544
1.092,0.2873920487800083,0.24049699734053992,0.09417956471835735,0.9223324856892304
1.116,0.29061040084176093,0.23837990385175645,0.097741409932278,0.9215027038195107
1.132,0.29278785339949326,0.23685985186224454,0.10006453492059167,0.9209559014027969
1.152,0.29556379261061416,0.23489771405037024,0.10292270878001036,0.9202564992701359
1.172,0.29840259194936647,0.23287766144801234,0.10573156819936187,0.9195350582780999
1.192,0.30129037076193027,0.2307890505020341,0.10850062236229867,0.9187971166702158
1.212,0.3042081152055886,0.22862030588146273,0.11124232182897595,0.9180497395107894
1.236,0.30774131003294275,0.22587716894896676,0.11444799529197791,0.9171567188983875
1.252,0.31010120708566236,0.22396064690402756,0.11655336159020596,0.9165665190832399
1.272,0.31303838486676944,0.22146946326371256,0.11917205063668714,0.9158363766463605
1.288,0.31537125974492414,0.21939325633705825,0.12125283089386334,0.9152624315467918
1.308,0.3182565387105567,0.21669587701089246,0.12384035188852692,0.914559587833719
1.336,0.3222126814246941,0.21273473058087297,0.1274543148136987,0.9136073116876653
1.356,0.3249646712041396,0.2097744368112317,0.130027915186087,0.9129542099153033
1.38,0.32817172144361173,0.20608012429631617,0.13310804250581026,0.9122042274814467
1.404,0.3312673009069919,0.20224522072255674,0.13617867924795282,0.9114901060148508
1.424,0.33375835017196387,0.19895406675594138,0.13874257563824394,0.9109188441991017
1.44,0.3357128714726365,0.19630240113600264,0.14082296353814383,0.910456549307089
1.46,0.3381354813439918,0.1929789254810245,0.14340463235306944,0.9098673760478156
1.48,0.3405280015231175,0.18962031333467236,0.14595332462723898,0.9092757799368617
1.5,0.3428885717807942,0.18619497686065595,0.1484397384692608,0.9086938439194823
1.516,0.34473915769907426,0.1834122992551216,0.15041118430616823,0.9082352763829968
1.54,0.3474448080790264,0.17915417402417688,0.15332506960851658,0.9075666974378176
1.56,0.3496307398698922,0.17552742912789104,0.15570691240229736,0.9070302226452701
1.576,0.35133210101853274,0.17257313526410864,0.15756544216046997,0.906618662512412
1.596,0.3533871438012411,0.16881907880122976,0.15985878077462964,0.9061251654368474
1.612,0.3549770786358885,0.1657587859963409,0.16163037436378094,0.9057543378815105
1.628,0.3565116211171545,0.16265943919866682,0.16338064157950258,0.9053994349485005
1.652,0.3587058309471816,0.15793842719756032,0.1659695870632249,0.904897605383568
1.668,0.360090855675707,0.15474096415304472,0.16767160925647254,0.904586115923226
1.684,0.36141000856870525,0.15150200575008166,0.16935556497794224,0.904294554097874
1.708,0.36325560882880126,0.1465607573761221,0.1718419138206439,0.9039002509714292
1.728,0.3646693105985471,0.14235965496241887,0.17386810467450647,0.9036149095291957
1.748,0.3659786606501046,0.13805920892201692,0.1758001160765753,0.9033789868975508
1.772,0.3674190624174207,0.1328438026077286,0.1780833892348156,0.9031290401485624
1.788,0.3683421039130282,0.12937937142409683,0.17959790700771916,0.9029560701015726
1.808,0.3694513013183613,0.12505409327127093,0.18146239220450813,0.9027395028055918
1.828,0.3704973738083126,0.12072869244792021,0.1832974146674128,0.9025288563792304
1.844,0.37127923608063457,0.11726578394706397,0.18474786337428717,0.902368379182968
1.864,0.37219676987433636,0.11287838132171808,0.18640844442296775,0.9022083613961404
1.884,0.3730318764206808,0.10845179827255333,0.18795459922040164,0.9020856363214157
1.9,0.3736298733971798,0.10491048813220874,0.18917109749694505,0.9020026624444467
1.92,0.37428906789622746,0.10048725344664601,0.19066146156200695,0.9019191829777001
1.94,0.3748526709132984,0.09607990551572475,0.19212302357499914,0.9018552382049217
1.956,0.3752320848548184,0.09257854978684257,0.19328088298411705,0.9018162755726643
1.972,0.3755461889173433,0.08910569258543544,0.19443441600896927,0.9017873881407856
1.992,0.3758566545794845,0.08476549873567511,0.19579390163415772,0.9017823093825273
2.012,0.37606887216899054,0.08050687226566595,0.19721304308277968,0.9017748402686632
2.028,0.3761713214148581,0.07715127036639681,0.1983399027685252,0.9017782994703425
2.052,0.37621728735487797,0.07221557690074551,0.20001398126132905,0.9017981317613286
2.068,0.3761815370405798,0.06900370112341199,0.20112510530487654,0.9018174052640369
2.088,0.37606666414155443,0.06509209033310372,0.20251206961400572,0.9018457437711631
2.112,0.3758660649228396,0.060553218585535,0.20412431407455175,0.9018820728687016
2.132,0.37569949580493905,0.05693887842418137,0.20542373587257237,0.9018918680838999
2.148,0.37556339811247985,0.054161011852959004,0.20644797105316726,0.9018857766043887
2.172,0.37534512583074076,0.05016019268612906,0.2079431678355959,0.9018645300350232
2.196,0.3751067441542034,0.046352826810713656,0.2093893836341957,0.9018328181863757
2.212,0.374935032784357,0.0439245959475838,0.2103377492365679,0.9018050689078707
2.232,0.3746975987989434,0.04097432861959227,0.21145431111724677,0.9017815079931559
2.248,0.37448600809270194,0.03868190441242828,0.21230189188177548,0.9017715047157121
2.264,0.37425635699038784,0.03645844582686908,0.2131286904571176,0.9017644494457556
2.28,0.37400805279601124,0.03429380604848373,0.2139241784559285,0.9017640252207897
2.304,0.3736027796553972,0.031164092145954503,0.21507275560255734,0.9017724059827966
2.328,0.37316597923819933,0.02818405115516978,0.21617673002226576,0.901787354422626
2.344,0.3728586696688599,0.02628238501251292,0.21689393620109074,0.901799683482989
2.364,0.37245360301967156,0.023976415527485084,0.2177473129250195,0.901825677617383
2.38,0.37211594021340744,0.02219971693315742,0.21840636171165764,0.9018511854907416
2.4,0.37169308598912004,0.02006967881179828,0.21920879049855643,0.9018807925598793
2.424,0.3712693766380313,0.017688032033693762,0.22016269413284043,0.9018728134308918
2.448,0.37092622833509364,0.015472754355278784,0.22108861578356212,0.9018282269793244
2.464,0.3707312118074126,0.014075445256814756,0.2216874390340329,0.9017843033714669
2.48,0.37055704271048423,0.012726516901278823,0.22225641796300238,0.9017358806987094
2.5,0.3703617879050029,0.011081322381025495,0.22288510694049204,0.9016826378822113
2.52,0.37019277716207155,0.009505137374445917,0.22348873940925112,0.9016206205815114
2.54,0.37004191606757564,0.00798672780725332,0.22406452879726724,0.9015543685584518
2.564,0.3698830572266065,0.006238798124593244,0.22473440632178363,0.9014666094702871
2.58,0.36978745779756994,0.005114693381978452,0.2251674576609199,0.9014048435512961
2.596,0.3696973483326244,0.00401725091346794,0.2255882262561156,0.9013421572885316
2.616,0.36958299265573535,0.0026350673851447686,0.22603144595772096,0.901283115007581
2.636,0.3694754740531382,0.001285726895606465,0.22646518802913967,0.9012212489674692
2.652,0.3693918848877655,0.0002259859559453903,0.2268000475109153,0.9011721937335051
2.668,0.3693104178278017,-0.0008179637705994502,0.22712167797525562,0.9011242365028415
2.688,0.36921619676756273,-0.0020947658750706255,0.22752485669359535,0.9010590721961486
2.704,0.36915341407015023,-0.0030784843565449804,0.22788950531370875,0.9009898185785963
2.724,0.36907961017178453,-0.004283420329916216,0.22833417895152028,0.9009025454444315
2.74,0.36904379761838857,-0.005244291965110087,0.22864790367348609,0.9008325643463955
2.768,0.3691085775840781,-0.00686339236058553,0.22917550165834963,0.9006610579118024
2.788,0.369223811329825,-0.007990712337556993,0.2295300938682635,0.9005142206940668
2.808,0.36937381145151194,-0.00910778536887902,0.22986191285843208,0.9003574493924733
2.824,0.3695079952795081,-0.009998987937896801,0.23011262970204302,0.9002288816275266
2.844,0.3696760368164389,-0.011126339114033879,0.23036090481790406,0.900083154999074
2.864,0.36982738311276914,-0.012280595972401028,0.2305447472316756,0.8999588952760046
2.884,0.3699547446874444,-0.013458640936320182,0.23068788817012034,0.899853015841479
2.908,0.3700708407099247,-0.014891973581786344,0.23084583907539205,0.8997421856068921
2.928,0.37013718506082477,-0.016102388099656167,0.2309761881661426,0.8996605903522592
2.948,0.37016761320282837,-0.017331017976161715,0.23110125461901523,0.8995931213971949
2.964,0.3701655032476125,-0.018326315178001346,0.2312022406497187,0.8995483145979364
2.992,0.3700901711490763,-0.020135809123172504,0.23130720042483863,0.8995136427211241
3.016,0.3699576607341617,-0.02173501491563451,0.23137826525280278,0.8995126551412869
3.036,0.3698362752802839,-0.02308358400241328,0.23144125714215913,0.8995127692972827
3.056,0.36977392967762696,-0.024428917329472388,0.23151307206260552,0.899484389188056
3.076,0.36976660177492776,-0.025766074315483865,0.23159532318435322,0.8994289165383366
3.096,0.36980278329869753,-0.027097070461255868,0.23169440917798542,0.8993494042876877
3.112,0.3698475233607934,-0.028180976673415792,0.23174509398921145,0.8992846342674556
3.128,0.369904029187408,-0.029272012192212263,0.23177949501917738,0.8992176734149498
3.148,0.3699881542587057,-0.0306321568729902,0.23183504322323792,0.8991234339106196
3.164,0.3700593880340313,-0.03171513208766439,0.23188963088835984,0.8990424899919917
3.184,0.3701507667533258,-0.0330615641452881,0.2319726873041698,0.8989349337928045
3.204,0.37024526367224275,-0.03439539885085499,0.23207709802064672,0.898819015063921
3.224,0.3703419398599601,-0.03571374773082401,0.2322044144275847,0.8986948791019805
3.244,0.3704372451360007,-0.037016648665485534,0.23235464681922202,0.8985640395871299
3.264,0.3705188928338855,-0.038306410508800466,0.23249009926944336,0.8984412739343443
3.284,0.3705903607263047,-0.03957333906404081,0.23264954224743375,0.8983156048205605
3.3,0.3706332489044515,-0.04057078326820564,0.23279299980657264,0.8982162465645968
3.316,0.3706599805588084,-0.04155616129096921,0.23295002534268333,0.8981194519459792
3.336,0.3706685585503956,-0.042770769650995195,0.23317810223556,0.8979996957702471
3.356,0.3706410394046566,-0.04397365936523177,0.23343012296964752,0.897887473395994
3.376,0.3705745395126456,-0.04516735085715657,0.2337054957443842,0.8977840287844338
3.392,0.3704902006381973,-0.04611813180929487,0.23393194466967057,0.8977115207083816
3.412,0.370368122452245,-0.047311476708467665,0.234193435969436,0.8976316129636326
3.432,0.370287005357023,-0.048505472191515055,0.2344807994385353,0.8975263269263313
3.456,0.37021870068955887,-0.04994785631146465,0.23485852576452573,0.8973766200349426
3.48,0.370145631159889,-0.05140378984264159,0.23529720981915256,0.8972096105004576
3.5,0.370046490117872,-0.05264374231669292,0.23566602449174637,0.8970818003095331
3.52,0.3699163896317197,-0.053910305941240085,0.2360660142450195,0.8969550604760675
3.536,0.36978386800809165,-0.05494762892716371,0.23640652847101085,0.8968570690653791
3.556,0.36957915637454347,-0.05627498988291735,0.23685735418578086,0.8967401889372807
3.576,0.36933142164732535,-0.05764454261253371,0.2373346667688326,0.8966290557642468
3.596,0.3690418145780764,-0.05906358970320705,0.2378413516009473,0.8965216801243161
3.616,0.3687113202446752,-0.06054441595808324,0.2383655219312718,0.896419663982309
3.632,0.3684220859917628,-0.061763381764033266,0.23882695844458224,0.896332602969823
3.648,0.36810536981626374,-0.06302332858999232,0.23930450441805218,0.8962476504466276
3.664,0.36775933503549796,-0.06432542462329954,0.2397972190043429,0.8961655008976098
3.684,0.36727773055549273,-0.06601447336620539,0.24043519626174042,0.8960692352395365
3.708,0.3666217544662084,-0.06812321484297428,0.24126259598577443,0.8959576309903177
3.728,0.36600512613071995,-0.0699575166121224,0.24198681374403064,0.8958730800116232
3.748,0.36535050040265804,-0.07187449396942847,0.2427285819557168,0.8957878680100176
3.772,0.36458624049118943,-0.07427390017062606,0.24367337415052753,0.8956469995082
3.788,0.36407371247952286,-0.07593304845864346,0.244327987267761,0.8955380163180343
3.808,0.36340534581451495,-0.0780712827470623,0.24516063819814637,0.8953980628312408
3.832,0.36253065532796724,-0.08072307712685356,0.24618147147798738,0.8952373941405595
3.852,0.36171750984190554,-0.08300179692498116,0.24705125003774878,0.8951183299630172
3.872,0.3608141754254967,-0.08534540023644381,0.24790482748249718,0.8950265303226344
3.888,0.3600271882969637,-0.08725737333262656,0.24859747840559365,0.8949669648743767
3.908,0.358959525421571,-0.08968771355265269,0.249475532180208,0.8949112425208546
3.932,0.3575491405248273,-0.09265230625516917,0.2505562663608962,0.894871901247795
3.948,0.3565289949217075,-0.0946524413024897,0.25128863552848224,0.8948642426590916
3.964,0.35544827977153926,-0.09666767713508792,0.25203301492951946,0.8948693982868654
3.988,0.3537049406625228,-0.09973085056257908,0.2531500906427169,0.8949087126654707
4.004,0.35246523788573497,-0.10178914531507659,0.2539038532798685,0.8949525458189466
4.024,0.350836743143632,-0.10436910678969374,0.2548642176011542,0.8950222901106107
4.044,0.3491251634550159,-0.10695031289676282,0.25584818903101525,0.8951061138118446
4.064,0.3473359104691439,-0.10952643413867075,0.2568613233232101,0.8952005284315283
4.08,0.3458702904997531,-0.11158171768271752,0.25769090119867527,0.895275746274859
4.1,0.34405789937502085,-0.11415650380791567,0.258757261929317,0.8953419089458754
4.12,0.3422468444145944,-0.11674066993751345,0.2598072049447475,0.8953987545946169
4.136,0.34079934705893283,-0.1188032625254664,0.26066302670581815,0.8954308328207558
4.156,0.3389816540486741,-0.12136268690721508,0.2617609366939025,0.8954572845570118
4.176,0.33715234373021447,-0.12389342008115783,0.2628893051062294,0.8954707872614164
4.196,0.33531300363203587,-0.1263875361537043,0.2640529385475123,0.8954705053460343
4.224,0.33272883692397265,-0.12980952439046622,0.2657491736629093,0.8954431222329101
4.244,0.33087861527015805,-0.13220581798630232,0.2670054723093703,0.8954044010414097
4.26,0.3293994748749278,-0.1340924065955008,0.26804132680118575,0.8953597375201817
4.276,0.3279181282257805,-0.13595079574601385,0.2691035338750081,0.8953046243446465
4.296,0.3260589909060916,-0.138234589600328,0.27046204914884847,0.8952245599052431
4.32,0.32382129071752924,-0.14091644389552666,0.2721357684312773,0.8951114182369648
4.34,0.32195392942224277,-0.143102523597062,0.27356872084881634,0.8950013910843225
4.364,0.31969268546452745,-0.14567635254347105,0.275307248860981,0.8948636241879022
4.38,0.31819692102761143,-0.14737501384950225,0.2764821973885605,0.8947563463136767
4.4,0.3163881521206545,-0.14950176834805207,0.27797702940540336,0.894581762379175
4.416,0.31497333458657917,-0.15120290200959488,0.2791877499814292,0.8944180684576954
4.432,0.3135769317310915,-0.15289892467910549,0.28041353260689744,0.8942369246732145
4.452,0.3118487204127149,-0.15500777586958603,0.2819664651910621,0.8939898643187036
4.48,0.30943418156143504,-0.1579400572851111,0.28418726526378546,0.8936123453981998
4.5,0.3076885685360707,-0.16003740873450298,0.2858006901328599,0.8933273409659812
4.524,0.30556926757172787,-0.16252946566797,0.2877629518303252,0.8929748479432442
4.544,0.3037738523828033,-0.16457803439063418,0.28942355346800663,0.8926754863345235
4.564,0.3019464317205371,-0.16659423460343048,0.2911036879131882,0.8923751208160576
4.584,0.3000880093712117,-0.16856830728895023,0.2927956217735307,0.8920777075342783
4.604,0.29819400494931203,-0.1704937528583016,0.2944954803706185,0.8917873220055671
4.62,0.29665452047387364,-0.171991043870026,0.29587434280038916,0.8915568123139169
4.644,0.2942990297157507,-0.174159106696218,0.2979527231298685,0.8912243608893549
4.66,0.29269782963363555,-0.17554734246592432,0.29934344937933655,0.8910132492811716
4.676,0.29107523204620367,-0.17688736461375698,0.30073820438558874,0.8908100818649172
4.7,0.2886047651160902,-0.17880613471467638,0.30284702648217987,0.8905163301655874
4.72,0.2865131263705673,-0.1803182246569841,0.3046091957039736,0.8902857991490684
4.74,0.2843937833831187,-0.18175130696133496,0.30638587370535064,0.8900642307073638
4.76,0.2822745550734564,-0.18313570103612078,0.308171334203208,0.8898386479241647
4.78,0.28019086373417945,-0.18450065819963415,0.30996687036010345,0.8895915502538001
4.8,0.2781255832830534,-0.18583778050753558,0.311769030006792,0.8893315192818246
4.82,0.2760613855127068,-0.18713732249841736,0.3135869611380479,0.8890629627653672
4.84,0.2739795498526063,-0.18839304846174038,0.3154202804488488,0.8887931774239861
4.856,0.27228350970533804,-0.18936755132832706,0.31686964457652267,0.88859172244198
4.88,0.26965934014985454,-0.19078209758494147,0.3189714001099016,0.8883373668955753
4.9,0.26742213378224133,-0.19190654412310065,0.32072681795493224,0.888139397240425
4.916,0.26559611859770194,-0.19277410507977052,0.32212592011823094,0.8879930955725457
4.932,0.26373636835263525,-0.19361453179425175,0.3235170155866188,0.8878588185698125
4.956,0.26089196569877987,-0.19482604946091145,0.325590919092696,0.8876760366764751
4.976,0.2584727124264361,-0.19580163827002775,0.3272858129465688,0.8875458140431951
4.996,0.2560122565694653,-0.19674724960341616,0.3289640475772058,0.8874293772809887
5.012,0.2540212159769727,-0.19747956451187534,0.33030361808034886,0.8873412890860041
5.036,0.25100069371208794,-0.19854154065671287,0.3323111704535081,0.8872142888736233
5.056,0.24846302797523223,-0.19939564721678943,0.33398738248634385,0.8871076191422872
5.072,0.24642038934891447,-0.20005954935471754,0.3353269377623098,0.8870225550886904
5.092,0.2438697558206091,-0.20088390956764487,0.33700326320336266,0.8869058561443262
5.112,0.24136600098492708,-0.20174683758699918,0.33869385283635894,0.8867508901281419
5.128,0.23938636744954223,-0.20245980063282698,0.34005248676227084,0.8866050431019578
5.148,0.23692374722146242,-0.20337005784123893,0.3417487523198667,0.8864059723760926
5.172,0.23397101641912416,-0.20447797553368097,0.343777714120699,0.8861507796483601
5.192,0.23150024113828438,-0.20541569155619893,0.3454484071804823,0.8859330843759434
5.208,0.22951267600954972,-0.20617045041775237,0.3467757573831268,0.885756315821025
5.232,0.22651725882824134,-0.20729872057391494,0.34875696828212865,0.885486165321636
5.248,0.2245127420601671,-0.2080468039088352,0.3500715708408666,0.88530246318699
5.268,0.22199217789099002,-0.2089807859754523,0.35170576707747936,0.8850703686446288
5.288,0.21944822445039314,-0.2099098416747428,0.35332387425476597,0.8848404234862106
5.304,0.21739592156980744,-0.21065215221655695,0.35460664371616507,0.8846574547720171
5.32,0.21532626563013005,-0.21139991530988222,0.3558715187779983,0.8844773243330765
5.348,0.21165937045234448,-0.21272004926023744,0.35805264383930824,0.884165592964418
5.368,0.20897950352334718,-0.21367281957688147,0.3595426093815734,0.8839686676123143
5.388,0.20626846865356632,-0.21463726370717,0.3610085648146436,0.883774281136356
5.408,0.2035265716048615,-0.21561510746880388,0.36244931229570343,0.8835822293925785
5.428,0.20077511614546117,-0.21663039901959125,0.3638745535608922,0.8833775705938264
5.448,0.198054617343009,-0.2177322184617865,0.3652918651679684,0.8831358348719239
5.472,0.1948197905847203,-0.2191467002049219,0.3669848133710855,0.8828035567105569
5.492,0.1921198196985237,-0.22038838978657319,0.3683593446282732,0.8825136405468855
5.516,0.1888708764126354,-0.22192773180186937,0.36998599007955,0.8821486501974912
5.536,0.18615744099233839,-0.2232293593450211,0.37133853301434394,0.8818286421909591
5.556,0.18343945318644503,-0.2245344623649698,0.3726863979890826,0.8814982081541943
5.588,0.17907434939906558,-0.22659619856761057,0.37481836748996467,0.8809640921026052
5.604,0.17687792116035414,-0.22759844122214035,0.375840323152185,0.8807140296668974
5.628,0.17357555774483965,-0.22905151985304356,0.37734186031862116,0.8803522292002565
5.648,0.17081915719522411,-0.23020700780295986,0.37857634044204935,0.8800599431578664
5.668,0.1680599862145646,-0.23129997857979928,0.3798027601567387,0.8797761217036228
5.684,0.16585424898393825,-0.23212520025875866,0.3807808791455029,0.8795545358736905
5.7,0.16364995117802977,-0.23290602549880748,0.3817519049067837,0.8793400706585703
5.72,0.16090174932890913,-0.23381891168523966,0.38295765416657124,0.8790806440347005
5.74,0.1581557252268035,-0.23465511117169127,0.38414729740282866,0.8788370720885003
5.768,0.15434424541914604,-0.23573796016277335,0.38579901616186724,0.8785013302054953
5.792,0.15114830040004062,-0.23666315955807735,0.3872076197520921,0.8781884760118903
5.812,0.14852029275316825,-0.2374104478503618,0.38837693109641386,0.8779187669050794
5.836,0.1453962333509333,-0.23825147613695166,0.3897707854839876,0.8775960940142795
5.856,0.14280330557750576,-0.23888646381958223,0.39091637959983655,0.8773396477308372
5.876,0.1402152872946113,-0.23944738719618477,0.3920553405855285,0.8770959080352475
5.896,0.13762588990210914,-0.23992526310266798,0.3931864998843053,0.876869065974218
5.912,0.13554535505629006,-0.2402439929919344,0.3940722064547545,0.8767082619970209
5.932,0.1329332181401979,-0.24056469356945212,0.3951546194064106,0.8765330652545293
5.948,0.13083247920919963,-0.24075990347214693,0.3959965867888712,0.8764155604024959
5.968,0.12818654437955418,-0.24092304799180636,0.39701796499905845,0.8762996235616975
5.984,0.12604194294019366,-0.2409852097974984,0.3978035456977821,0.8762373515828855
6.004,0.12333441205976631,-0.24097676703478804,0.3987510358938904,0.8761942889136419
6.028,0.12005723508747577,-0.2408462597869556,0.3998520604676991,0.8761835818990906
6.048,0.1173029017188508,-0.24064313326722078,0.4007382864240492,0.876207588105461
6.064,0.11509737585632118,-0.24045673200071913,0.40143009936749824,0.8762345744310275
6.084,0.1123508194528047,-0.2402271609079637,0.40227781719142686,0.8762652351463475
6.108,0.10906118635662931,-0.23993349594012192,0.4032651665885702,0.8763074691982997
6.124,0.10686965222215866,-0.23971308697551297,0.40390722721141975,0.8763420936899972
6.144,0.104129928716564,-0.23939708728483547,0.40469063795802973,0.8763968736218445
6.164,0.10138530477711898,-0.23902351825851753,0.4054468461641876,0.8764711248124976
6.188,0.09807943567271181,-0.23848564746334625,0.40631913669041825,0.8765898581499014
6.208,0.09531829275470208,-0.2379654943757765,0.40701571633220923,0.8767126400431329
6.228,0.0925508109032927,-0.23738012165531902,0.40768144304282034,0.8768585212236765
6.244,0.09032725295453006,-0.23685305655489358,0.40817899081458464,0.877001441522122
6.268,0.08698466162813162,-0.23597073250753345,0.4088922970581077,0.8772448754183987
6.288,0.08419729872679933,-0.23515983954622283,0.40945897772948586,0.877470233289101
6.304,0.08196823485515527,-0.23446910026280174,0.4098942821985319,0.8776628777142353
6.328,0.07863151006620847,-0.2333707472930232,0.4105154937314793,0.8779705059619051
6.348,0.07586527741948379,-0.23241364767386952,0.41101689538673536,0.878233151141336
6.372,0.07257241242011556,-0.2313196854550067,0.41164083663764567,0.8785079792971607
6.388,0.07039703164032018,-0.23062558284134166,0.4120490533123001,0.8786760928463689
6.408,0.06769441514209132,-0.229776909195619,0.4125523335101294,0.8788746271650044
6.428,0.06500517299423289,-0.22893104650892845,0.4130453566211296,0.8790667988281896
6.452,0.06179625317125972,-0.2278929699422737,0.41361894893997947,0.8792982329236596
6.472,0.05913860723374558,-0.22699406077946874,0.41408056966753726,0.8794962213273616
6.496,0.05596826426931184,-0.22585779291059227,0.4146041661376073,0.8797495076427015
6.512,0.0538648622010266,-0.22505713340666925,0.41493632864817764,0.8799293758539992
6.536,0.05072788320587095,-0.22378234141676465,0.4154081565326027,0.8802182735104214
6.552,0.04865074566565153,-0.22288568891672722,0.4157058417384217,0.8804224711846254
6.572,0.04607085507178922,-0.2217145677821467,0.4160600484380735,0.8806895950559641
6.592,0.04351102582875527,-0.2204862425664371,0.41639283930688537,0.8809708342755814
6.612,0.04097190565265846,-0.2192046877247653,0.41670602516110883,0.8812642602653912
6.632,0.03845426858511235,-0.21786240132670492,0.41699858423442915,0.8815721320812199
6.656,0.03546713854793187,-0.21617905413817576,0.41734062808149025,0.8819498278177125
6.676,0.033005836364425306,-0.21472429521078776,0.41761944304934834,0.8822687190415783
6.696,0.030566226120173158,-0.2132291682273026,0.4178830630916545,0.8825943423900924
6.72,0.02766705589800913,-0.21138670571005563,0.41818230294454434,0.8829913681180491
6.744,0.024797058022627133,-0.20957466876029177,0.4184706671094898,0.8833718723710728
6.764,0.022426007868832136,-0.20812560662359778,0.4187071277150745,0.8836657440679812
6.788,0.019604105893261232,-0.20643343893423083,0.41898258534148974,0.8839991558267882
6.812,0.016813160827049208,-0.20477350992702845,0.41928160200548514,0.8843008908029455
6.832,0.014499914733504413,-0.20340918295811186,0.4195217434250579,0.8845427991649892
6.852,0.012197482803280788,-0.20205996901379883,0.41975422282381286,0.8847764592014095
6.868,0.010359849398972498,-0.20098373198502983,0.4199237490255739,0.8849645518336355
6.892,0.007617171779445403,-0.19937039933598857,0.42015680950711165,0.8852466763493075
6.912,0.0053506218120112714,-0.19802321278503596,0.42033747428978296,0.8854798618558207
6.928,0.003549635606781884,-0.1969441944702025,0.42047377011520387,0.8856648310713533
6.948,0.0013109263843817873,-0.19559628947794044,0.4206360235679272,0.8858926056195744
6.964,-0.0004677534072545578,-0.194519863680983,0.42076215705616804,0.8860705451766933
6.988,-0.003112920512689639,-0.19292703260094504,0.420949371486089,0.88632448711696
7.008,-0.005303958451224167,-0.19168671580308336,0.42111622262050513,0.8865039188042053
7.032,-0.007917088252755493,-0.1902867397284444,0.4213270440655796,0.886685850984484
7.052,-0.010080061740985588,-0.18917616730204995,0.4215089925495789,0.8868150535935009
7.068,-0.011800398894532542,-0.1883133946373368,0.42165804625159153,0.8869065948663272
7.092,-0.014352941886263302,-0.18704810260917154,0.42192378159904553,0.8870103285140931
7.112,-0.016457686611046792,-0.18602340675512424,0.4221538844822186,0.8870797791107652
7.136,-0.01895839279440216,-0.18482253974490975,0.4224363036860793,0.8871464239193759
7.152,-0.020613501377860933,-0.18403003242727584,0.4226203759690871,0.8871865917277539
7.172,-0.02266476511361526,-0.18304147471144355,0.42284883270194684,0.8872322084101804
7.192,-0.024696500138401165,-0.18204357595762302,0.42307429664481727,0.8872758076562035
7.208,-0.026308612787225183,-0.18122800956758883,0.4232491694593852,0.88731302593466
7.228,-0.028309647761447482,-0.18018106584214744,0.4234631295330241,0.8873625669824639
7.252,-0.030687612329609842,-0.17887816048907124,0.4237262062211836,0.887421532481017
7.268,-0.03225692882925087,-0.17797785630010904,0.4238964599226333,0.8874655849521049
7.284,-0.03381078966202846,-0.17704974150445252,0.42406994476119575,0.8875105078171599
7.304,-0.035727739235361655,-0.17584575688367027,0.4242907223455033,0.887569254405914
7.32,-0.03724139368307772,-0.17484737211955137,0.4244651023218993,0.8876208942844286
7.34,-0.03911049280882592,-0.17355969282889766,0.4246795391540114,0.8876906507344358
7.356,-0.040583104651223834,-0.1725132110668721,0.42487126527427094,0.8877367918299348
7.376,-0.04241497510955808,-0.17123463363273345,0.42511605864006213,0.8877815084903822
7.4,-0.04461348465166087,-0.1697529324628321,0.4254186457229438,0.8878133558235998
7.42,-0.0464445503550555,-0.16854378457583347,0.42568240595520573,0.8878233978012514
7.436,-0.04790568871460555,-0.1675778870108778,0.4259004308065163,0.8878240365143155
7.456,-0.04972840661079201,-0.16635876218568685,0.42616835664277974,0.8878245207339063
7.472,-0.051184437183709956,-0.1653696358872401,0.42637967442235253,0.8878251011073055
7.496,-0.053361317088036736,-0.16385032094562463,0.4266669232478681,0.8878406268981184
7.512,-0.054809894939520744,-0.16281158639825657,0.42684896178671666,0.8878559717503757
7.532,-0.05661371742255214,-0.16148618874855825,0.4270708820014015,0.8878781220356821
7.556,-0.05876870258004884,-0.15985506931003562,0.42733437548331804,0.887906486035114
7.572,-0.06020339101488018,-0.15874181788908712,0.4275010276219048,0.8879298724256285
7.596,-0.06234817377105452,-0.15703434086452328,0.42774918589935274,0.8879659649891432
7.612,-0.06377036133047684,-0.15587234326401553,0.42791751511926285,0.8879886000818483
7.632,-0.06554385043531245,-0.15439529291380952,0.4281276794228483,0.8880162089219876
7.648,-0.0669617302201807,-0.1531953502359595,0.4282872224421599,0.8880413089742961
7.672,-0.0690814080903781,-0.15136769957266996,0.42853434993501466,0.8880731329727879
7.692,-0.07084495730391012,-0.14983499671099815,0.42874931911122516,0.8880903597871577
7.712,-0.07263168719293796,-0.1483544818707956,0.4289900271643936,0.888078342443868
7.728,-0.07407947349347643,-0.14721364331654888,0.4291949828601022,0.8880495715421036
7.744,-0.07553672357085697,-0.14609643752546175,0.4293948200790485,0.8880147086753858
7.764,-0.07737046394636483,-0.1447197079851157,0.4296590785069684,0.8879544434744218
7.788,-0.07958310678627044,-0.1430816811814091,0.42999642766093576,0.8878610442087097
7.804,-0.08106005254050555,-0.14198916824322627,0.43023138758549,0.8877889935789874
7.82,-0.08253257807797358,-0.14089169339916707,0.4304742043374669,0.8877104616297721
7.84,-0.08436230026563495,-0.1395095931952882,0.43079105768146836,0.8876030308206805
7.86,-0.08617171785146122,-0.13810410988266492,0.4311083397652516,0.8874949516819199
7.88,-0.0879567543803866,-0.13666850013199863,0.4314170925100736,0.8873920344023226
7.9,-0.08971600910908548,-0.13520687602855078,0.43173872791762147,0.8872833871994972
7.92,-0.09144459122882524,-0.13371898908465385,0.4320827110172074,0.8871649505775078
7.936,-0.09280521907342593,-0.13251421349800785,0.4323738780490008,0.8870625705747063
7.952,-0.09414657556242143,-0.13130247689599783,0.43267691127431557,0.8869536472223131
7.976,-0.09612190825891051,-0.12947545380862535,0.43315454011569526,0.8867772155343623
8.004,-0.09839498580428889,-0.12737421287024475,0.43374614026472563,0.886543017833716
8.024,-0.10003256813303657,-0.1259464275684595,0.43420787495331037,0.8863376918669219
8.048,-0.10199869388433347,-0.12428587886629293,0.43479401229657366,0.8860606376718075
8.064,-0.10330353625533518,-0.12319388375715404,0.43519499573950965,0.8858650924860172
8.084,-0.10491868141839657,-0.12182603517933221,0.4357095289657508,0.8856114801708211
8.108,-0.10682171396304675,-0.12015905429339513,0.43634151456318454,0.885300517206457
8.124,-0.10806147880122961,-0.11901997905297823,0.43676615351164205,0.8850945082487887
8.148,-0.10987610406276375,-0.11725870451700544,0.4374155147818546,0.8847854572714832
8.172,-0.11163528782950807,-0.11542181579482944,0.43807969381612916,0.8844781222934879
8.192,-0.11305726660749495,-0.11382920746413125,0.438642193189724,0.8842250801402539
8.216,-0.11471337627666717,-0.11184644745962226,0.43934178411956876,0.8839174227384049
8.232,-0.11578904834160729,-0.11047897296264692,0.4398136567863427,0.8837144562139339
8.248,-0.1168444508573284,-0.1090760556418263,0.44028840652168016,0.8835133883943527
8.268,-0.11813569568609993,-0.10726933519472097,0.4408872658859203,0.8832642107044084
8.288,-0.11939499658653253,-0.10540253358005248,0.4414979194912317,0.883014568277286
8.304,-0.12038204822406513,-0.10386708179333377,0.44199016981921746,0.8828162218538438
8.324,-0.12159520153653372,-0.10190596791408137,0.44260946776581767,0.8825682068321086
8.344,-0.12283309783043043,-0.0999567433213736,0.44324528853269296,0.8823005688174154
8.368,-0.12434872788293957,-0.0976387903888995,0.4440060565109352,0.8819652386953215
8.384,-0.12537053497743617,-0.09608732316366306,0.44451554607637783,0.8817343049825912
8.404,-0.12665195841550925,-0.09412620680635744,0.4451552104619586,0.8814399453282864
8.424,-0.12793397235261628,-0.09213097147551831,0.4458050494504881,0.8811371293377128
8.44,-0.12895698597146762,-0.09050371261482351,0.4463246775416243,0.8808935554250885
8.46,-0.13022972926032889,-0.08842833239232413,0.4469746982425249,0.8805874554966691
8.484,-0.13174694063836212,-0.08586854243818201,0.44775664484184574,0.8802177708112621
8.508,-0.13325080871027561,-0.0832310453317381,0.44854404816191795,0.8798437656365834
8.524,-0.13424290057656202,-0.08142515091765247,0.44906635142410545,0.8795954754666891
8.54,-0.13522402354587193,-0.07957935650961465,0.449585295173111,0.8793489931976314
8.56,-0.1364302810549731,-0.07720767957334156,0.45022866468887845,0.8790448806054392
8.58,-0.13761122427899347,-0.07475924340700972,0.45086374274262725,0.8787468873104235
8.608,-0.13921812002291897,-0.07119840836617082,0.4517418441933864,0.8783384358595303
8.628,-0.14033133046705784,-0.06856399430195018,0.452369620548266,0.8780477337706223
8.652,-0.14161717818118763,-0.06530349026678205,0.4531110342881524,0.8777074795222465
8.672,-0.14267576906398743,-0.06253626299560286,0.4537204780589797,0.8774226852107687
8.688,-0.1435459020915702,-0.06031658538269857,0.4542060060596862,0.8771849221115222
8.708,-0.1446502556093863,-0.05752183699732912,0.4548090558067918,0.8768787057379867
8.724,-0.1455386046302905,-0.05526368078091301,0.45528437726738835,0.876630239020455
8.74,-0.14642266478989824,-0.05298358546924069,0.45575749102173413,0.8763779163604151
8.756,-0.1472974026927171,-0.05067340402381401,0.4562157267309812,0.876129494976594
8.776,-0.1483712149074742,-0.04774102276354808,0.45676943640836565,0.8758244454772627
8.8,-0.1496205182506029,-0.04415504177998653,0.45742036930336977,0.8754602438433156
8.82,-0.1506197600041285,-0.04110935063064207,0.4579524697032336,0.8751589825167394
8.84,-0.15157684320153827,-0.03801212221098583,0.4584806020491454,0.8748571750375753
8.86,-0.1524899230658172,-0.03486943957382154,0.45900270086291667,0.8745555820802567
8.876,-0.15318737723125664,-0.03232786701065675,0.45941559725051556,0.8743145003226827
8.896,-0.1540177044009899,-0.029115021232188627,0.45992565904642463,0.8740133010546296
8.916,-0.15479867880804207,-0.025862402870656807,0.46041492864854466,0.8737199772436224
8.932,-0.15538417792871725,-0.023233141247156412,0.46080492471516815,0.8734842870684365
8.952,-0.15607152976154712,-0.019919966052586363,0.46129244390280005,0.8731862079468139
8.972,-0.15676134708176961,-0.016618792037998237,0.46178909647508576,0.8728691346296023
8.996,-0.15760773695967437,-0.012702814649647802,0.46238061245228185,0.872469259618171
9.016,-0.15831520445473957,-0.009453895539991222,0.4628812059490585,0.8721169125046929
9.036,-0.15901087533706657,-0.006212253948016153,0.46340392201988895,0.8717417934698382
9.056,-0.1596861757013856,-0.0029738481204950873,0.4639569761411697,0.8713411535140324
9.076,-0.1603426934911402,0.00026156477096474234,0.46451579535163706,0.8709277972924696
9.1,-0.16109871654437558,0.004144298399349558,0.46519496316634507,0.8704158055568585
9.12,-0.16170000770418272,0.007369635389848361,0.4657788673851221,0.8699705987446478
9.144,-0.16238052660775504,0.011237321978719725,0.4664832729055287,0.8694248922550359
9.164,-0.1629121419187018,0.014455137764563905,0.46707227979408455,0.8689615460166374
9.188,-0.16350121017678795,0.018308713244064943,0.4678129186536813,0.8683796510920766
9.204,-0.16386668574912888,0.020872972554260225,0.4683068448589735,0.8679865940074067
9.22,-0.16421090751317702,0.023432768192172024,0.46879970264995785,0.8675900656553543
9.236,-0.16453297600179498,0.025984926914758046,0.4692944898082185,0.8671887713853723
9.252,-0.16483397052459853,0.028532464388176443,0.46979311493011366,0.8667814544631733
9.268,-0.16511403949087747,0.031073682293258843,0.47028949600667547,0.8663714966326684
9.284,-0.16537294456148738,0.033605961766481104,0.4707847309633525,0.8659585241988077
9.304,-0.16570629761279326,0.03674170189437092,0.4714083606575896,0.8654280026527276
9.324,-0.16609040894918364,0.03982277206995727,0.47205024729120026,0.8648680170477308
9.344,-0.16650728354196015,0.04286427088987706,0.47269010473030304,0.8642927997493741
9.368,-0.1670382994035548,0.0464760471185226,0.4734663029114211,0.8635785103764426
9.384,-0.16739463070415472,0.04886546802443008,0.47398348088105385,0.8630937744521465
9.408,-0.16790944144955242,0.052431686171147324,0.4747541996813517,0.8623605902650404
9.428,-0.16830609197111515,0.0553889934006092,0.4753917570589133,0.8617469443728345
9.448,-0.16866360978575654,0.0583304252266558,0.47602703866459056,0.8611320495064251
9.472,-0.1690254725080444,0.061843270469652586,0.47678816685568315,0.8603945859240671
9.488,-0.16922118733226799,0.06417656503614552,0.4772959624896055,0.8599035541554297
9.504,-0.16937667918540214,0.06650231681646855,0.47780319418530515,0.8594143878435403
9.52,-0.16949070033795038,0.06881925825603959,0.4783111069480258,0.8589268287591172
9.54,-0.16957153519112667,0.071699806295728,0.4789504712743845,0.8583187509871404
9.556,-0.16958226574756363,0.07399222661117945,0.4794629194431753,0.8578358318606596
9.58,-0.16950355240761386,0.07741056861981657,0.48023552296320776,0.8571172568974507
9.6,-0.16934685119203172,0.08023477718798747,0.48088989340846316,0.8565214153414582
9.62,-0.16909987730904288,0.08303212428709739,0.4815310768768201,0.855943175586025
9.64,-0.16882084265259328,0.08578917421031264,0.4821785174391393,0.855361688407059
9.656,-0.16861446104152036,0.08795329392553916,0.48270092676069704,0.8548878270976197
9.684,-0.1682767941024053,0.09166118360494539,0.48362312634915994,0.8540432188402538
9.704,-0.16804141452580898,0.09425930531057283,0.4842892079280656,0.8534291004242475
9.724,-0.16779928906469097,0.09682195636317242,0.48495968829055625,0.8528088930636915
9.74,-0.1676066047302205,0.09884757750489408,0.48551980187013566,0.8522955499497846
9.76,-0.16736065352661836,0.10135130649861962,0.48622610085023704,0.8516469357510431
9.776,-0.16715322833586857,0.10333526715930483,0.4867929943034768,0.8511252560669713
9.796,-0.16687178173182113,0.10579693920582699,0.48750261872563866,0.8504716414154976
9.812,-0.16662523354100672,0.10775161122291381,0.4880636514621448,0.8499526421793799
9.832,-0.16628660520518598,0.11017766780635371,0.48876433672260783,0.8493050509647265
9.848,-0.16599287206389632,0.11210371235335846,0.48932316025510747,0.8487885301643331
9.868,-0.16558080437350833,0.11449371678435058,0.4900027809099456,0.8481576862473432
9.884,-0.16522151309779462,0.11639239845666384,0.4905482226564166,0.8476538812745514
9.9,-0.164836765145594,0.11827958278822513,0.49109171410422553,0.8471527073024989
9.924,-0.1642234604323902,0.1210851201389652,0.4919048488242177,0.8464033721741466
9.948,-0.16367673623257994,0.12384393797682333,0.4927075426509998,0.8456428811605148
9.972,-0.16323199305713734,0.12655526260280126,0.4934913023256995,0.8448700589315589
9.992,-0.16291889707162088,0.12878612570689218,0.4941308366259891,0.844219333525166
10.008,-0.1627002834916906,0.1305569155069424,0.49463905383777357,0.843691718569946
10.024,-0.1625029404298233,0.1323195848863245,0.4951452023482844,0.8431580814999337
10.04,-0.1623234054104297,0.13407658348801632,0.4956536819658511,0.842616169658426
10.056,-0.16215703679195764,0.13582916464967637,0.49615920978773453,0.842069814203213
10.072,-0.1619993395927673,0.13757761819545947,0.4966618934664942,0.8415198016217138
10.092,-0.1618127317683034,0.1397595470822951,0.49728549835036673,0.8408275934860001
10.112,-0.16163303724465175,0.14194438897236472,0.4979051644817502,0.840129156078238
10.128,-0.16148741815899853,0.14369527939206803,0.4984006557635838,0.8395655226313227
10.144,-0.16133049862933993,0.14544785575590088,0.49889124417241526,0.839002334893127
10.164,-0.161110361137666,0.14764322356879025,0.4994880176499587,0.8383058214592225
10.188,-0.16080480962421212,0.15028499056737965,0.5001763774700416,0.8374842244680374
10.204,-0.16057319480181603,0.15204853776578653,0.5006278736317611,0.8369403941842967
10.22,-0.16031435288341603,0.15381493357302356,0.5010731448386144,0.836400608554919
10.24,-0.15993337330413637,0.15601864694766632,0.5016066848709346,0.8357453150338147
10.256,-0.15958853383469232,0.15778483854322203,0.5020307918446527,0.8352248371751249
10.272,-0.15924480834688115,0.15955279757977428,0.5024476210230912,0.8347037701647627
10.292,-0.15884763688714854,0.1617654444279241,0.5029574634405505,0.834046257238681
10.308,-0.1585417301294132,0.16353996617496047,0.5033690855338068,0.8335099057599282
10.332,-0.15807637751347414,0.16621861117211578,0.5039728037016243,0.8327032156184788
10.352,-0.15766390262591812,0.16846843073013376,0.5044631960484085,0.8320320699881202
10.372,-0.15721532984254735,0.17073508562936085,0.5049455769063654,0.8313620360350427
10.392,-0.1567163574038137,0.17302290899444217,0.5054186809267647,0.8306954997202227
10.412,-0.15615414441574618,0.1753297433244538,0.5058765492215461,0.8300387227324206
10.432,-0.15550955027252286,0.1776566497346214,0.5063195798939176,0.8293945849806077
10.452,-0.15476944651811977,0.18000580926464796,0.5067577488170042,0.8287586567085596
10.472,-0.15392407298382163,0.18237715060227064,0.507181345334843,0.8281382962033617
10.488,-0.15316349650018846,0.1842872585898922,0.5075025874937553,0.8276595153493992
10.508,-0.15210187094859068,0.18669062816543566,0.5078880020898919,0.8270800490534586
10.536,-0.15041805560752386,0.1900805642491343,0.5083989616879683,0.8263015692812029
10.556,-0.14908715035966175,0.19251494510996406,0.5087435592771359,0.8257669213530986
10.576,-0.1476618183026779,0.1949580531965698,0.5090680256350772,0.8252497138353668
10.596,-0.14616388829189322,0.19741114793325687,0.5093629256096412,0.8247510936309548
10.62,-0.14436131993532358,0.20037757990167596,0.5096483746624224,0.8241766612706464
10.636,-0.14318962819085518,0.2023685529152764,0.5098223282386455,0.823786921963968
10.656,-0.1417313282139946,0.2048697758260139,0.5100143169412018,0.8233018899958235
10.672,-0.14055953677919536,0.20687773899154505,0.5101530455933421,0.8229146297168386
10.692,-0.13909194423834054,0.20938914863111982,0.5103167749300873,0.8224271424925663
10.708,-0.1379229109428784,0.2113949205001387,0.5104450574391975,0.8220312047359744
10.728,-0.1364707885841304,0.21388956706184878,0.5106486107693888,0.8215016575057008
10.744,-0.13530840500841432,0.2158720775555115,0.5108067250908613,0.8210769581883878
10.764,-0.13385325325039993,0.21833281323692771,0.5110090988103151,0.8205387194955537
10.784,-0.1323945734877841,0.22076822909021682,0.511216853790392,0.819994142866893
10.8,-0.13122296198612787,0.22269754619620408,0.5113882703225053,0.819553765254198
10.816,-0.1300460113205963,0.2246102679785182,0.5115605413100507,0.8191117597939793
10.836,-0.12856108861474227,0.22697528421321173,0.5117783497751374,0.8185579927848493
10.852,-0.12735594063824957,0.22884593941763426,0.51193994253872,0.8181243766259867
10.876,-0.12550725220327053,0.23161271870070746,0.5121425420141198,0.81750443108265
10.896,-0.1239485151283224,0.23387931479574248,0.5123141144742788,0.8169892776643973
10.912,-0.12268859305307625,0.2356652356187644,0.5124535684971183,0.8165786832816408
10.928,-0.12141279778291604,0.23742468302158629,0.512591166311256,0.8161732344584025
10.948,-0.11979404517246194,0.23958381648909305,0.5127688067784105,0.8156697446962121
10.968,-0.11815433926764668,0.24170074817023743,0.5129587983385304,0.81516475123331
10.988,-0.11654867296477049,0.2437892364389226,0.5131484340301435,0.8146544664329102
11.004,-0.11530723427945871,0.24544581180324898,0.5132906089967216,0.8142440333873137
11.028,-0.11348514502378484,0.24790574677702482,0.5135134779888291,0.8136140181300177
11.048,-0.11198055860431133,0.2499252892221978,0.513710461117279,0.8130801107151372
11.064,-0.11077492440638192,0.25151880904990365,0.5138769117608102,0.8126485860296878
11.084,-0.10925241243836026,0.2534825941550312,0.5140968027158213,0.8121052655131624
11.108,-0.10738805221764844,0.25579358042186234,0.5143758998093291,0.811452330177939
11.124,-0.10611526663184298,0.2573027426966934,0.5145695255574672,0.8110197606445699
11.144,-0.10448302557715985,0.25915703094675746,0.5148387352594355,0.8104702384132121
11.164,-0.10280172936489866,0.2609712426899819,0.51512153463298,0.8099232182656553
11.188,-0.10071497887192307,0.2630926033943355,0.5154788726239301,0.8092714667825507
11.212,-0.09855444527407109,0.2651531998649077,0.5158589694051269,0.8086224864560723
11.232,-0.09671002046408518,0.26682956449002027,0.5161990302916576,0.8080765536642273
11.256,-0.09444489305582539,0.26879377888956796,0.5166279911053318,0.8074190890810108
11.272,-0.09290338398884972,0.27007052945345933,0.5169247574174173,0.8069818247848541
11.292,-0.09093576901979276,0.2716261106426528,0.5173066861288717,0.8064389216898508
11.312,-0.08893108903048243,0.2731419623581636,0.517696020958066,0.8059004651240559
11.336,-0.08655636417020529,0.274947789226779,0.518158392232181,0.8052475331103491
11.356,-0.08458259277387858,0.2764356343285477,0.5185319973411949,0.8047072093664706
11.376,-0.08259152054037236,0.27789743807023376,0.5189007070766527,0.8041726872035506
11.392,-0.08097897012088684,0.2790425835022616,0.5191980656760076,0.8037481020747956
11.412,-0.07893227360344884,0.2804394056487617,0.5195669509999818,0.8032270036370429
11.432,-0.07684604006874143,0.2817908302391179,0.5199308398072147,0.8027207085507803
11.456,-0.07429095775975388,0.28334864970584656,0.520382402863031,0.8021200353410394
11.476,-0.07212548866623064,0.28459551906442826,0.5207739271827909,0.8016219939470969
11.496,-0.06993433673648293,0.2857957085809258,0.5211760331201664,0.8011276702268385
11.512,-0.0681699025928171,0.28672395484778745,0.5215093802478601,0.8007310437409196
11.532,-0.06595418952273642,0.2878464927242039,0.5219416711296604,0.8002320497512903
11.556,-0.06329145938918523,0.28913956240515026,0.5224833119691612,0.7996272214815361
11.58,-0.06064668948792206,0.2903776265077732,0.5230812735979323,0.7989923618464904
11.6,-0.05846343590492494,0.29137305648462464,0.523597707142233,0.7984542627429545
11.628,-0.05553595272771238,0.29277586133229727,0.5243287195241386,0.7976700112564933
11.644,-0.05394913759291061,0.29359477663085726,0.5247519076230244,0.7971994939374054
11.668,-0.051654305813850956,0.29483099226545223,0.5253961577561762,0.7964705870939023
11.688,-0.04980693469734417,0.29586017138897935,0.5259394473255263,0.7958478032819204
11.708,-0.048007922722238666,0.29688226694551184,0.5264907640401579,0.7952129490328992
11.724,-0.04659359568637826,0.29769172810770395,0.5269205621527855,0.7947096281270636
11.74,-0.04520899595129841,0.298499392024988,0.5273682232673946,0.794189534515269
11.76,-0.04350301242705662,0.29949754550579866,0.5279352702799405,0.7935320148174362
11.78,-0.04181586705900058,0.3004786242348424,0.5285114083166735,0.7928680349964721
11.796,-0.04047283141429843,0.3012515151332632,0.5289760811166081,0.7923343865778759
11.82,-0.0384663391045556,0.3023847013371584,0.5296886192634295,0.7915262470543429
11.84,-0.03679315316548678,0.30330070448112245,0.5302972629838663,0.7908474944091409
11.86,-0.03511181780951259,0.30418985949543725,0.5309189526375364,0.7901650178035721
11.876,-0.03375914581011316,0.3048811553946027,0.531426465276222,0.7896161809154143
11.892,-0.032400115643710946,0.3055557089139758,0.5319429594874931,0.7890644011156751
11.92,-0.029997609750809083,0.3066977631085228,0.5328680645153171,0.7880915247185232
11.936,-0.028614191496137174,0.30733106017440176,0.5334180660986741,0.7875239769407986
11.956,-0.026917963168481603,0.3081400183404282,0.5341113722620502,0.7867974290606004
11.984,-0.024628053301131644,0.3093345979258561,0.5350788133248148,0.7857456516249731
12.0,-0.02334165590497693,0.31004042413286553,0.5356312140770364,0.7851301197951117
12.02,-0.021739817870911938,0.31094235476208004,0.5363225540334128,0.7843470853958913
12.04,-0.020133490301423924,0.3118583912951136,0.5370134782220101,0.7835531319285278
12.056,-0.018837926807105675,0.3125978682894618,0.5375661813432833,0.7829114291735015
12.072,-0.017527559778000596,0.3133399217219746,0.5381202428431492,0.782264330227274
12.088,-0.016197274732929416,0.3140827199795729,0.5386764043033178,0.7816120679392737
12.112,-0.014154069224018087,0.3151915650091613,0.5395126273929278,0.7806279937044643
12.128,-0.012756341333012795,0.3159236656351206,0.5400721839965423,0.7799689412538613
12.144,-0.011330259195161667,0.31665078812933733,0.5406397533571109,0.7793026117584891
12.164,-0.009507857415696923,0.31754973130111874,0.5413580141810733,0.778462118076323
12.18,-0.008018516611423832,0.31826030739274147,0.5419381460035277,0.7777847555949455
12.196,-0.006503288931811685,0.3189628028564384,0.5425218790093214,0.7771038852194921
12.224,-0.003789575386224787,0.32017204195665855,0.543549942964978,0.775905253346351
12.244,-0.0018010726903242276,0.3210151404893337,0.5442846929142593,0.7750485202701881
12.268,0.0006341164297454585,0.32200540832597446,0.5451755538612781,0.774012745616779
12.284,0.0022644796695582806,0.32267219767846167,0.5457806738007239,0.7733052315113391
12.308,0.004667632633324945,0.32373937712793927,0.5466916115214431,0.7722041898322631
12.324,0.00625226273796327,0.3244884942739563,0.5472939919505331,0.7714514972889261
12.344,0.00822603565897613,0.32545537529639273,0.5480457818912223,0.7704913704768278
12.364,0.010204873430416086,0.32644600497614934,0.5487905702330355,0.7695178857029127
12.388,0.012594458151182535,0.3276488956392974,0.5496842445640215,0.7683324879818033
12.412,0.015013456139857806,0.32885208620957584,0.5505805739212295,0.7671322787830765
12.436,0.017470989490987708,0.33003971539658944,0.551495042232039,0.7659123769600708
12.46,0.019973290569911727,0.33119012861707087,0.5524282112870236,0.7646811346859799
12.476,0.02166828539746936,0.3319267270180275,0.5530597991431213,0.7638586203420135
12.5,0.024243869631635613,0.3329804960057943,0.5540354972237699,0.7626145106677616
12.516,0.02599222622578575,0.3336433599265014,0.5546984863003884,0.7617848133487832
12.532,0.027766160453067613,0.3342723598174462,0.5553710809630386,0.760955972593498
12.548,0.02956634452571029,0.33486599724154686,0.5560539487566788,0.7601280163465338
12.568,0.031849964083427454,0.33556016160079605,0.5569299964032426,0.7590875686247379
12.584,0.03370145462010708,0.3360797322378132,0.557644576657857,0.7582526964406576
12.6,0.03557479718852045,0.3365674690293495,0.5583664127120762,0.7574191189501497
12.62,0.03793376426821112,0.3371544961967193,0.5592740727755063,0.7563731795508603
12.64,0.04027206515015703,0.33777447156796236,0.5601864752824125,0.7552997286085786
12.656,0.04213823229250839,0.3382861698569991,0.560918629131502,0.7544250315014612
12.672,0.04401419972784358,0.3387989897317305,0.5616490557097926,0.7535438494204398
12.692,0.04638298845311941,0.3394284982433534,0.5625607202287252,0.7524376047342117
12.716,0.049273542030578064,0.34015105102652216,0.5636684508381351,0.7510973692345422
12.736,0.05173651751972187,0.3407075058316063,0.5645957944635309,0.7499822111883934
12.756,0.054254601770733143,0.3412178015579962,0.5655237539404794,0.748872308084426
12.772,0.05631053812753425,0.3415912518506545,0.5662674727295973,0.7479877601159829
12.788,0.05840250229272338,0.3419354048183084,0.5670107906534945,0.7471064783149637
12.812,0.061609874290478206,0.3423984348548832,0.568125749090399,0.7457886218086938
12.828,0.06379486069799603,0.34266787546122685,0.5688692478689684,0.744913902209112
12.848,0.06657666566803057,0.34295473713329816,0.5698088927551558,0.7438194818660647
12.864,0.0688403528893221,0.34314218963581616,0.5705617028838785,0.7429493836784979
12.884,0.07171688280116731,0.34333224716460886,0.5715024156736029,0.7418656520269826
12.904,0.07464577869600217,0.34347817349190635,0.572444223465413,0.740782264284595
12.924,0.07760025959774093,0.3436378892940719,0.5733772859952908,0.7396821538042898
12.944,0.08056871254963673,0.3438448801188019,0.5742887193045313,0.738560659562735
12.96,0.08295787582676045,0.34403766941411046,0.5750029648756306,0.73765009540205
12.98,0.08597034072808935,0.3442984337345355,0.575871374817803,0.7365051586435055
12.996,0.08841174274659457,0.34451251982004044,0.5765280322203644,0.7356017370125433
13.012,0.09087586534794123,0.3447337506528655,0.577173828186331,0.734690812733361
13.028,0.09336341574599216,0.3449608172592659,0.5778091239130798,0.7337723921481781
13.052,0.09714207378832372,0.3453089200894006,0.5787392673654537,0.7323837980294853
13.068,0.09969714788301053,0.3455417148385872,0.5793431708245025,0.7314525906915724
13.088,0.10292691298197612,0.3458319643288414,0.5800875518468837,0.7302771632912706
13.108,0.10619066401361515,0.3461218345051323,0.5808233906595197,0.7290866940343433
13.128,0.10948348312908847,0.34640809849804577,0.5815521810834573,0.7278817602426679
13.152,0.11347021242563575,0.34674381434564133,0.5824132507169706,0.7264213952620118
13.172,0.116818144528058,0.34701618288437297,0.5831202738577075,0.7251924131852825
13.192,0.12018954449817787,0.34728161366780774,0.5838168009013865,0.7239529661427425
13.212,0.12358282809213936,0.34753791498596903,0.5845066241512417,0.7227009676008973
13.232,0.12699867551081628,0.347779355511999,0.585188432917209,0.721439778691235
13.256,0.13112542051461046,0.34804441589767593,0.5859952495868901,0.7199172008772333
13.272,0.13389035344394543,0.34820152201759647,0.5865259804091226,0.7188994002114636
13.296,0.138042737822677,0.34844170792238277,0.5873005668224244,0.7173636615584955
13.316,0.14149052734228085,0.34869331373218354,0.5879160987150572,0.7160642879675955
13.336,0.14493425310730235,0.34896600927936994,0.5885106116366312,0.7147531368486169
13.356,0.14837620677778862,0.34923824631540545,0.5890925413965731,0.7134333369304395
13.376,0.15181482261938972,0.3494954646358116,0.5896613341476165,0.7121128357523788
13.396,0.15524605988095014,0.3497246543745411,0.590219989918791,0.7107965183611346
13.424,0.16002963896204658,0.34998266906275993,0.5910123766329781,0.7089478236626604
13.444,0.1634354297500923,0.3501050418842591,0.5915723626580313,0.7076421833729379
13.468,0.16750140527438293,0.3501739618797198,0.5922407597067489,0.7060965643554289
13.488,0.17086181207405712,0.3501614527962964,0.5927976987563516,0.7048291186518408
13.504,0.17352978638558056,0.3501039607636221,0.5932435614154308,0.7038300268770401
13.528,0.17749448051351172,0.3499339368400365,0.5939138369526948,0.7023590986888401
13.552,0.1814089036366882,0.34966829914649566,0.5945863919863011,0.7009207606556139
13.576,0.18526576463762248,0.34931522781639507,0.595260402928068,0.699514489324368
13.596,0.18843173587333678,0.34896015332623576,0.5958230706049207,0.6983660650698993
13.62,0.19217833115238556,0.34845742219305054,0.5964907194293595,0.6970249174805039
13.64,0.19524284258966823,0.34805421522399227,0.5970353596674733,0.6959075189916025
13.656,0.1976548494729148,0.3477589932942229,0.597458687813966,0.6950103304400892
13.672,0.20003352561999516,0.3474737526407217,0.5978743553665964,0.6941144250401271
13.696,0.20353524711738322,0.3470584968833599,0.5985012352046951,0.6927626392786946
13.716,0.20639103554780858,0.3467163613041235,0.5990187028181057,0.6916408742430177
13.732,0.20863068339359012,0.34644020585500085,0.5994309044239919,0.690749601907452
13.752,0.2113745003010171,0.3460829753515786,0.5999453067895006,0.6896470283090808
13.772,0.2140583457808362,0.3457060093984325,0.600454931844303,0.6885639073399336
13.788,0.21615987629827701,0.3453891126711083,0.6008639520927472,0.6877090807910441
13.804,0.21822085899706628,0.34505974113765503,0.6012733003203167,0.686865234282906
13.82,0.22024586359963344,0.34471287111161714,0.6016717365354224,0.6860436702657395
13.84,0.22273092918812745,0.34424785354576387,0.6021586224822464,0.685046963267783
13.856,0.22468018113450192,0.34385377750225554,0.6025506546623317,0.6842631836280484
13.88,0.2275408260099014,0.34322452065581954,0.6031466792328686,0.683107739854906
13.904,0.2303259255684526,0.3425406802542248,0.6037492535600132,0.6819843760730414
13.92,0.23214256665412336,0.3420678569796555,0.6041532665702666,0.6812475618019183
13.94,0.2343710336140884,0.3415153986577606,0.6046477698209998,0.6803223688317075
13.96,0.2365582453132127,0.3409932075937151,0.6051293577189856,0.6793984761359797
13.976,0.2382821410117776,0.34058237236061584,0.6055026621250255,0.6786691351988579
13.992,0.23997693590612987,0.34017104455180736,0.6058808945935982,0.6779403161400707
14.016,0.24246291435358122,0.3395241355069262,0.6064526062525019,0.6768680321458462
14.032,0.24407939083372895,0.3390575877528809,0.6068386812934714,0.6761745470242384
14.048,0.24566387650396093,0.338550893571964,0.6072305382466795,0.6755024986358817
14.072,0.2479775349592376,0.33770232666447575,0.6078372823274548,0.6745354838210619
14.088,0.24947655080411868,0.337065322137764,0.6082554727289305,0.6739241048562893
14.104,0.2509380337391701,0.3363628360572531,0.6086866774857,0.6733429099604896
14.124,0.25271319919713875,0.3353904104021572,0.6092447067050957,0.6726590510159228
14.148,0.2547620603227397,0.33407995152738174,0.6099457406400294,0.6719025763328051
14.172,0.25671562031716777,0.33261491664167325,0.6106788945333029,0.6712195581806357
14.192,0.25827866850406855,0.33135543491754255,0.6112981377413913,0.6706789783050298
14.212,0.2597808297108919,0.33006938148577863,0.6119252982452997,0.6701608413565487
14.228,0.26092332124642137,0.3289611699506729,0.6124498412646472,0.6697826222210681
14.244,0.2620045068033445,0.32776602690187046,0.6130116080705261,0.6694324748579847
14.264,0.26328538832880477,0.3262038348788504,0.6137352438731449,0.6690298295523553
14.284,0.2644939216463895,0.32461903195568864,0.614472503951356,0.6686471351856793
14.304,0.2656275148756761,0.32299796852973345,0.6152259993859488,0.6682898363331575
14.32,0.2664798881091458,0.3216707989595329,0.6158414976749098,0.6680236643050881
14.34,0.2674753604074048,0.3199683578762822,0.6166273768800872,0.6677183984396919
14.364,0.2685631405558427,0.31784798349508836,0.6176046570007444,0.6673911795745293
14.384,0.2693706974657038,0.31600363666002884,0.618458101619307,0.667151186393249
14.404,0.27008943564856464,0.3140866989890533,0.6193376113036876,0.6669498972890258
14.424,0.27071823496515984,0.31209699183482914,0.6202443386090808,0.6667863716126651
14.44,0.2711535033806804,0.31045256526551374,0.6209895646124806,0.666683540344928
14.464,0.2716926801379998,0.30789739530565013,0.6221392988274702,0.6665770580944791
14.484,0.2720352741756421,0.30569311418334244,0.6231324372651627,0.666524189488312
14.508,0.27231595728120206,0.3029621387736563,0.6243709007066026,0.6664975170475433
14.528,0.27244129896862657,0.30060508674654346,0.6254299728326908,0.666520569465707
14.548,0.2724660366117895,0.2981729769449728,0.6265210861043972,0.6665781749948032
14.568,0.2723856318178544,0.2956502899055832,0.6276477564645709,0.6666747838811091
14.592,0.2721499847135619,0.2924956290159686,0.6290503025030556,0.666840617949878
14.612,0.2718413179949202,0.2897570124509084,0.6302611554134369,0.667018776005015
14.632,0.2714329218604733,0.2869314888595097,0.6315064997510192,0.6672286192927933
14.652,0.27094895416672604,0.2840926849820795,0.6327718524965547,0.6674412283217968
14.672,0.2703888923624099,0.2812364028982952,0.6340625119632245,0.6676531011646263
14.692,0.2697383346348446,0.2783233014986962,0.6353821119105503,0.6678824316714549
14.712,0.26898136501977604,0.27532354461833364,0.6367390525881986,0.6681387205962379
14.736,0.26791802485483834,0.2716060932198104,0.6384224695843346,0.6684809738605829
14.756,0.2668977179895884,0.26840154112963915,0.6398736484703293,0.6687958842909055
14.772,0.26599426698475787,0.26576448716326573,0.6410639625780359,0.6690689674299911
14.788,0.2650115556472662,0.26305896007215696,0.642281467402549,0.6693604227397969
14.812,0.2633888931302093,0.2588666943499936,0.6441528094963186,0.6698369081723922
14.828,0.26220424672641646,0.25597891348102225,0.6454331334034742,0.6701789307018545
14.848,0.2606093143523978,0.25226792350547517,0.6470701999820279,0.6706294329495442
14.876,0.2581550351161919,0.24688748923125586,0.6494352767778053,0.6712945454729836
14.9,0.2558501708486524,0.24211136065728595,0.6515349869158333,0.6718816413193457
14.92,0.25379143157523076,0.2380184701394904,0.6533266661846473,0.6723848484190478
14.94,0.251610645074457,0.2338286046341361,0.6551556164679337,0.6728947801481227
14.96,0.2493095115584215,0.22954542580947795,0.6570164406527462,0.6734115098871143
14.98,0.24692062490097302,0.22522180263535593,0.6588933032839501,0.6739176207102456
14.996,0.24495615108942942,0.2217470582034116,0.660401217923632,0.674310727770639
15.016,0.24242450498705845,0.21737313476500428,0.6623058294131656,0.6747816446744487
15.036,0.2397992926228208,0.21295311694597596,0.664245409940988,0.6752224112193826
15.056,0.23707571080543188,0.2084751936652856,0.6662083343411725,0.6756475828615695
15.08,0.23366774749767794,0.20302526947183658,0.6686007148453075,0.6761310581859062
15.104,0.23009526794964982,0.1974945036658366,0.6710469493741877,0.6765708243965003
15.12,0.22761863417886372,0.19376058080301864,0.6726909450710976,0.6768555880841785
15.14,0.224419893389671,0.18904247562977364,0.674766272894427,0.67719209300087
15.156,0.2217791649681429,0.1852293160340316,0.6764334317050469,0.677452518586603
15.176,0.2183757409018979,0.18042237935613875,0.6785332044156699,0.6777554804783356
15.192,0.215573365349364,0.1765503492067835,0.6802236515786344,0.6779777888544293
15.208,0.21270037135396097,0.17265976146618617,0.6819230195672751,0.6781800308034561
15.224,0.20976137608222084,0.1687570500952213,0.6836325094896796,0.6783567019762504
15.244,0.2059949720452123,0.16385591020955745,0.6857695008299274,0.6785554538230181
15.264,0.2021384019133619,0.15895560110107707,0.687913127783455,0.6787110666356424
15.284,0.19822128997460095,0.15410008646681367,0.6900562802937914,0.6788105874091992
15.304,0.19424492027741863,0.1492876879698915,0.692201535212314,0.6788513326323661
15.32,0.19102093655057498,0.14546755768423938,0.6939182610984607,0.6788428672195154
15.34,0.18693491711940785,0.14072854663537815,0.6960642397318262,0.6787822825398504
15.356,0.18361564515487133,0.13695254720312383,0.697762164330633,0.6787173614234185
15.376,0.17940006828164845,0.1322505676564374,0.6998605551589834,0.6786166857568783
15.396,0.1751184632520078,0.12758512084749088,0.7019596631557339,0.678460162477411
15.42,0.16989932325582588,0.12204533256825995,0.7044806923158161,0.6781932695845216
15.444,0.16460302630332732,0.11658697220073126,0.7069989843400678,0.6778390353077675
15.468,0.15924796484349937,0.11122979767262464,0.7095210768522555,0.6773830964124558
15.488,0.1547441330275729,0.10684793564509006,0.7116190350187782,0.6769314004689624
15.504,0.15111805733761385,0.10339851228374,0.7132848790779109,0.6765328977092132
15.524,0.14656591178384892,0.09916031363923072,0.7153656205168648,0.6759716670722667
15.544,0.14199875837338974,0.095004912112363,0.7174469000068234,0.6753372231452499
15.564,0.13741964654180175,0.09093423573435898,0.7195287865098569,0.6746296249790601
15.596,0.13009204279671904,0.08461599818270706,0.7228602490774706,0.6733418548970339
15.612,0.12643913412370958,0.08155167388618115,0.724516800527194,0.6726350240674707
15.628,0.12280572837432233,0.07856044440291293,0.7261731777185226,0.6718776120811378
15.652,0.11738462092527335,0.07419959806399086,0.728656505580571,0.6706526427984039
15.672,0.11288712486378853,0.07066563387491834,0.7307284002075864,0.6695512455063501
15.688,0.10930527561515194,0.06790059164051199,0.7323873257092204,0.6686184797910243
15.712,0.10381080058615612,0.06369175016015782,0.7348915923020451,0.6671589212526219
15.732,0.09768381068508679,0.05857636928876069,0.7370959881377958,0.6661202491758927
15.756,0.0862992783904584,0.04827769255883368,0.7399618267796386,0.6653406600076542
15.776,0.07375002575468625,0.03669079029601019,0.7423761451799976,0.6649002772418766
15.796,0.059447349867736296,0.023551680781782616,0.7446365293971149,0.6644003085591363
15.824,0.03847620018515295,0.004695901016430616,0.7473551656255988,0.6632931380209581
15.844,0.02389471109580965,-0.008008383130719193,0.7489711527495704,0.6621231916571562
15.86,0.012917491368638125,-0.01727788253602777,0.7501047424326611,0.6609670858460681
15.884,-0.0020289476965953263,-0.02937043797127966,0.7516328720673993,0.6589243404005747
15.904,-0.012871497470840087,-0.037629490180349744,0.7528498837677798,0.6569896487255075
15.924,-0.022121736582613877,-0.04417330999243946,0.7540958567687738,0.6549036465458492
15.94,-0.02842164538550067,-0.04825947171022316,0.7551660588123553,0.6531366297197281
15.96,-0.034962623634552145,-0.052009647555907354,0.7566083989946817,0.6508581581884056
15.976,-0.039118879723150965,-0.05394215848420431,0.7578640851587835,0.6490007590239868
15.996,-0.04299014883265167,-0.055069971067767495,0.7595716657895804,0.6466606760269128
16.016,-0.04535763692623185,-0.05479431561570462,0.761467997857662,0.6442877897239079
16.04,-0.04627750510322574,-0.05272570743061356,0.7639923736598397,0.6414000664850029
16.06,-0.04565718912177395,-0.04978890190986353,0.7662712864521444,0.6389560250025696
16.076,-0.04441954822599073,-0.04681427108905489,0.7681929890093007,0.6369575020319298
16.092,-0.04258857915275388,-0.04335544155107526,0.7701814141880886,0.6349229148903802
16.12,-0.038221012286538486,-0.03639673940471519,0.7737644594353159,0.631270934619416
16.136,-0.035158435083818336,-0.0319993849599612,0.7758529814322747,0.6291200799587403
16.156,-0.03088405438331023,-0.026195949814789864,0.778481902507202,0.6263592219061814
16.172,-0.027167479934979383,-0.021359858631582643,0.7805883385912922,0.6240893606916461
16.192,-0.02225624664589744,-0.015163890262110326,0.7832076470867481,0.621176703895273
16.208,-0.018181426538204926,-0.010139511772624794,0.7852814454611691,0.6187888795416944
16.224,-0.014017152746055,-0.005083938884748937,0.7873232554679586,0.6163600931222313
16.244,-0.008756817882980897,0.0012215039832282372,0.7898297497340588,0.6132624173252567
16.268,-0.002445894917598751,0.008707421583196179,0.7927762083806112,0.6094457168879654
16.288,0.0027343906566235925,0.014821839249639117,0.7951727081048628,0.60619567836976
16.304,0.00678924542337374,0.019606186255560924,0.797052859782658,0.6035530153345106
16.324,0.011712275460176752,0.025432766012499122,0.7993613393937773,0.6001978391323021
16.344,0.01642659299566403,0.031061166405479006,0.801625701980038,0.5967927654631022
16.36,0.020026148548280887,0.03541133734591104,0.8034052161751785,0.5940412857573211
16.376,0.023459592774411637,0.039617157193167836,0.8051606193329602,0.5912668648234524
16.4,0.028278835899173203,0.04564413557000089,0.8077550313566723,0.5870679088880916
16.424,0.03267127148614937,0.051314788504457136,0.8103141361212266,0.5828296331710764
16.444,0.03599216304616438,0.055757757659184684,0.8124260680479112,0.5792749956767415
16.464,0.03899745006552409,0.059941143927800485,0.8145241897937538,0.5757053086378852
16.48,0.04117241553470884,0.0631012620506099,0.816192263948413,0.5728466210055023
16.504,0.04405547588816974,0.06753256074893399,0.8186733765123844,0.5685704625398423
16.52,0.04573110445402253,0.07028134476445559,0.820325837431466,0.5657161117609069
16.54,0.047582657421388355,0.0735101237235912,0.8223914868691785,0.5621426818415081
16.56,0.04917295328125266,0.07651690745488797,0.8244607418632903,0.5585621439601622
16.584,0.05075149288412084,0.07984025795546962,0.8269552764280675,0.5542515583806831
16.604,0.0517963602014394,0.0823733583324858,0.8290429893209028,0.5506536922284025
16.624,0.05261636564752535,0.08470544028049565,0.8311351940653825,0.547056483042503
16.648,0.05330771476918834,0.08724457495577954,0.8336492134903533,0.5427482478403663
16.668,0.053638539363169334,0.08913973340276538,0.8357620423257341,0.5391463842328792
16.684,0.05375946020756817,0.09052049202102588,0.8374633880969591,0.536256500715492
16.704,0.053770034675539716,0.09210287565164513,0.8396063817982465,0.532622725117269
16.72,0.05367960815007131,0.09326436315606845,0.8413324832713819,0.5296979430074822
16.748,0.0533540877541744,0.09509656879917652,0.8443674790944342,0.5245508022777713
16.768,0.05300653142138743,0.096258672354133,0.8465528832411905,0.5208385464799244
16.792,0.052528584619440176,0.09753113846159937,0.8491986405161208,0.516323632786487
16.816,0.05215402452740363,0.09876478664855311,0.8518501481907647,0.5117389956523082
16.836,0.05194143486466702,0.09977805378820119,0.8540623345175617,0.5078621427955139
16.852,0.051795012960371416,0.10055936110648962,0.8558313365221948,0.504735391024766
16.868,0.05165380825043599,0.10131095820519403,0.8575983834195118,0.5015904570434058
16.892,0.05141389139676649,0.10236387371582978,0.8602528035421257,0.49683333536231655
16.912,0.05116563043624211,0.10316922241662976,0.8624630172219135,0.4928445330248509
16.932,0.05085353035932451,0.10390551120591915,0.8646726010221113,0.48883418071232154
16.956,0.050380288035410094,0.10469524888742716,0.8673262245265848,0.48398961939935137
16.976,0.049894895218754766,0.10527323401059727,0.8695397109314459,0.4799257617020754
